<?xml version="1.0" encoding="utf-8"?>
<Deployment xmlns="http://schemas.microsoft.com/windowsphone/2012/deployment" AppPlatformVersion="8.0">
  <DefaultLanguage xmlns="" code="en-US" />
  <App xmlns="" ProductID="{b5292713-fed3-4e8c-9627-bfa0b25e667d}" Title="Coffee Shop" RuntimeType="Silverlight" Version="1.0.0.0" Genre="apps.normal" Author="" Description="Welcome to the Coffee Shop" Publisher="" PublisherID="{e7d94c95-4681-45a0-a8b4-5df4e482fb9e}">
    <IconPath IsRelative="true" IsResource="false">Images\Item-ad3f659b-9662-4640-abfe-7aafef7dbd05.png</IconPath>
    <Capabilities>
      <Capability Name="ID_CAP_NETWORKING"/>
      <Capability Name="ID_CAP_SENSORS"/>
      <Capability Name="ID_CAP_WEBBROWSERCOMPONENT"/>
      <Capability Name="ID_CAP_SPEECH_RECOGNITION" />
      <Capability Name="ID_CAP_PHONEDIALER" />
      <Capability Name="ID_CAP_LOCATION" />
      <Capability Name="ID_CAP_PROXIMITY" />
      <Capability Name="ID_CAP_IDENTITY_USER" />
      <Capability Name="ID_CAP_MAP" />
    </Capabilities>
    <Tasks>
      <DefaultTask Name="_default" NavigationPage="View/FreshCoffee_List.xaml" ActivationPolicy="Resume"/>
    </Tasks>
    <Tokens>
      <PrimaryToken TokenID="MyDoWapp" TaskName="_default">
	    <TemplateFlip>
          <SmallImageURI IsRelative="true" IsResource="false">Images/Item-ad3f659b-9662-4640-abfe-7aafef7dbd05.png</SmallImageURI>
		  <Count>0</Count>
		  <BackgroundImageURI IsRelative="true" IsResource="false">Images/Item-ad3f659b-9662-4640-abfe-7aafef7dbd05.png</BackgroundImageURI>
          <Title>Coffee Shop</Title>
          <BackContent></BackContent>
	      <BackBackgroundImageURI IsRelative="true" IsResource="false">Images/TileBackBackground.png</BackBackgroundImageURI>
          <BackTitle>Coffee Shop</BackTitle>
		  		  <LargeBackgroundImageURI IsRelative="true" IsResource="false">Images/Item-ad3f659b-9662-4640-abfe-7aafef7dbd05.png</LargeBackgroundImageURI>
		  <LargeBackBackgroundImageURI IsRelative="true" IsResource="false">Images/TileBackBackground.png</LargeBackBackgroundImageURI>
 
          <DeviceLockImageURI IsRelative="true" IsResource="false"></DeviceLockImageURI>
          <HasLarge>True</HasLarge>		
        </TemplateFlip>
      </PrimaryToken>
    </Tokens>
    <Extensions>
      <Extension ExtensionName="LockScreen_Notification_IconCount" ConsumerID="{111DFF24-AA15-4A96-8006-2BFF8122084F}" TaskID="_default" />
      <Extension ExtensionName="LockScreen_Notification_TextField" ConsumerID="{111DFF24-AA15-4A96-8006-2BFF8122084F}" TaskID="_default" />
      <Extension ExtensionName="LockScreen_Background" ConsumerID="{111DFF24-AA15-4A96-8006-2BFF8122084F}" TaskID="_default" />
    </Extensions>
    <ScreenResolutions>
      <ScreenResolution Name="ID_RESOLUTION_WVGA" />
      <ScreenResolution Name="ID_RESOLUTION_WXGA" />
      <ScreenResolution Name="ID_RESOLUTION_HD720P" />
    </ScreenResolutions>
  </App>
</Deployment>
